Trial_Type,Therapeutic_Area,Trial_Phase,Number_of_Patients,Inclusion_Criteria,Site_Capacity,Activation_Time
Phase 1,Oncology,3,183,No,187,98
Phase 3,Neurology,4,200,Yes,184,63
Phase 4,Oncology,1,198,Yes,243,220
Phase 1,Gastroenterology,3,269,Yes,81,144
Phase 4,Oncology,3,194,No,86,291
Phase 1,Cardiology,3,145,Yes,97,283
Phase 2,Cardiology,3,81,Yes,258,248
Phase 1,Gastroenterology,2,235,Yes,153,245
Phase 4,Neurology,3,86,Yes,231,80
Phase 2,Gastroenterology,4,84,No,71,69
Phase 3,Cardiology,4,264,Yes,134,192
Phase 4,Oncology,4,136,Yes,126,173
Phase 1,Oncology,1,135,Yes,120,112
Phase 1,Neurology,1,105,No,99,78
Phase 2,Neurology,3,196,No,212,216
Phase 1,Gastroenterology,3,172,No,86,84
Phase 2,Gastroenterology,3,119,Yes,113,213
Phase 1,Oncology,2,127,Yes,64,274
Phase 3,Oncology,3,250,No,72,230
Phase 1,Gastroenterology,4,109,Yes,120,295
Phase 1,Cardiology,2,91,No,300,131
Phase 3,Neurology,1,167,No,248,256
Phase 2,Gastroenterology,2,282,No,226,62
Phase 2,Gastroenterology,2,196,Yes,238,264
Phase 1,Oncology,2,97,No,140,178
Phase 2,Oncology,2,297,No,218,101
Phase 1,Gastroenterology,1,127,No,164,119
Phase 1,Gastroenterology,4,132,No,92,216
Phase 4,Neurology,4,240,No,157,156
Phase 4,Oncology,4,119,No,227,209
Phase 3,Gastroenterology,1,182,Yes,262,124
Phase 1,Gastroenterology,2,139,No,167,255
Phase 1,Gastroenterology,3,182,No,215,286
Phase 3,Neurology,2,263,Yes,247,285
Phase 1,Cardiology,4,243,Yes,135,230
Phase 2,Neurology,4,106,No,266,166
Phase 3,Neurology,3,127,No,256,133
Phase 2,Cardiology,3,272,Yes,226,165
Phase 2,Oncology,4,218,No,103,251
Phase 3,Neurology,4,255,Yes,93,97
Phase 1,Gastroenterology,2,92,Yes,67,281
Phase 1,Oncology,3,152,No,159,218
Phase 3,Neurology,3,202,Yes,171,84
Phase 3,Oncology,4,240,No,224,112
Phase 4,Gastroenterology,4,88,No,121,111
Phase 3,Cardiology,4,209,No,286,172
Phase 3,Gastroenterology,1,285,No,199,147
Phase 4,Gastroenterology,3,171,Yes,290,239
Phase 4,Neurology,4,255,No,217,264
Phase 2,Cardiology,2,189,Yes,164,76
Phase 1,Cardiology,3,54,Yes,89,215
Phase 4,Neurology,2,298,Yes,158,291
Phase 3,Gastroenterology,3,270,Yes,268,152
Phase 3,Cardiology,4,277,Yes,83,129
Phase 3,Cardiology,2,217,Yes,59,145
Phase 2,Cardiology,4,290,Yes,257,243
Phase 2,Cardiology,1,160,No,218,264
Phase 4,Gastroenterology,4,171,No,148,75
Phase 4,Oncology,4,117,Yes,260,125
Phase 3,Oncology,3,216,Yes,151,86
Phase 3,Oncology,2,257,No,90,227
Phase 2,Neurology,2,104,Yes,186,120
Phase 2,Gastroenterology,4,209,Yes,167,253
Phase 1,Neurology,2,299,No,147,215
Phase 4,Neurology,1,260,No,113,108
Phase 4,Oncology,1,183,No,185,287
Phase 4,Cardiology,4,95,No,54,85
Phase 1,Neurology,1,130,Yes,262,208
Phase 4,Neurology,2,274,Yes,220,213
Phase 4,Oncology,1,292,Yes,162,292
Phase 1,Gastroenterology,1,288,Yes,225,112
Phase 2,Neurology,1,153,No,216,266
Phase 2,Cardiology,3,164,Yes,108,289
Phase 3,Oncology,1,280,Yes,252,248
Phase 2,Oncology,3,127,No,215,130
Phase 1,Cardiology,1,158,No,228,105
Phase 2,Cardiology,2,134,No,114,79
Phase 3,Neurology,2,246,No,137,85
Phase 2,Gastroenterology,3,233,No,71,167
Phase 2,Neurology,1,248,Yes,65,131
Phase 4,Neurology,2,236,No,77,288
Phase 1,Cardiology,2,209,Yes,178,274
Phase 2,Neurology,2,82,Yes,271,186
Phase 3,Neurology,3,95,Yes,284,111
Phase 2,Cardiology,1,56,Yes,234,112
Phase 1,Neurology,3,115,No,236,271
Phase 3,Gastroenterology,3,228,Yes,230,224
Phase 4,Oncology,2,285,Yes,108,278
Phase 2,Neurology,3,157,Yes,137,86
Phase 4,Neurology,1,190,Yes,247,177
Phase 3,Cardiology,1,227,No,236,240
Phase 4,Gastroenterology,4,152,Yes,278,127
Phase 4,Oncology,3,199,No,208,119
Phase 1,Neurology,4,298,No,224,132
Phase 1,Neurology,1,271,No,65,271
Phase 1,Neurology,4,269,Yes,193,92
Phase 2,Oncology,2,244,No,195,179
Phase 2,Oncology,3,73,No,283,71
Phase 3,Cardiology,2,263,Yes,190,137
Phase 3,Gastroenterology,2,96,Yes,276,140
Phase 1,Gastroenterology,4,297,Yes,77,253
Phase 4,Cardiology,1,186,Yes,56,120
Phase 3,Oncology,4,97,No,210,136
Phase 3,Oncology,2,287,No,236,262
Phase 2,Oncology,4,60,Yes,68,138
Phase 3,Neurology,2,246,Yes,213,244
Phase 3,Cardiology,4,300,No,107,80
Phase 4,Oncology,4,134,Yes,118,79
Phase 3,Gastroenterology,3,73,No,158,236
Phase 3,Oncology,2,262,Yes,55,223
Phase 2,Neurology,2,287,Yes,138,67
Phase 3,Cardiology,1,114,Yes,182,242
Phase 2,Gastroenterology,1,59,Yes,63,154
Phase 2,Cardiology,2,215,Yes,196,289
Phase 3,Neurology,3,276,Yes,160,203
Phase 3,Neurology,1,219,No,275,191
Phase 4,Gastroenterology,3,100,Yes,275,142
Phase 1,Cardiology,4,65,Yes,78,109
Phase 1,Oncology,3,294,Yes,70,248
Phase 2,Neurology,2,170,Yes,290,197
Phase 2,Gastroenterology,4,197,No,162,282
Phase 1,Oncology,4,104,Yes,185,242
Phase 2,Gastroenterology,3,161,No,174,230
Phase 3,Neurology,4,278,Yes,202,246
Phase 4,Cardiology,3,274,Yes,214,90
Phase 4,Oncology,4,226,Yes,234,242
Phase 1,Neurology,2,194,No,244,99
Phase 1,Oncology,3,272,Yes,178,294
Phase 1,Cardiology,3,250,No,239,191
Phase 4,Oncology,3,221,Yes,92,239
Phase 4,Neurology,1,222,No,169,97
Phase 2,Neurology,1,254,Yes,290,217
Phase 3,Gastroenterology,4,246,No,298,297
Phase 4,Neurology,2,149,Yes,270,116
Phase 3,Oncology,1,103,Yes,250,86
Phase 3,Neurology,2,294,No,262,209
Phase 4,Cardiology,4,176,Yes,73,102
Phase 2,Gastroenterology,3,274,No,202,213
Phase 4,Oncology,3,288,Yes,50,132
Phase 4,Cardiology,2,294,Yes,255,227
Phase 2,Gastroenterology,3,163,No,141,181
Phase 1,Neurology,2,212,No,61,60
Phase 4,Oncology,1,193,Yes,143,196
Phase 3,Neurology,4,81,No,124,62
Phase 1,Gastroenterology,1,133,No,198,151
Phase 2,Oncology,3,227,Yes,258,207
Phase 3,Cardiology,1,81,Yes,159,240
Phase 2,Neurology,2,180,Yes,71,211
Phase 2,Gastroenterology,1,250,Yes,276,99
Phase 3,Neurology,3,266,Yes,82,193
Phase 3,Oncology,3,238,No,193,294
Phase 3,Oncology,2,54,Yes,171,75
Phase 2,Cardiology,1,129,Yes,51,98
Phase 2,Cardiology,1,237,No,213,288
Phase 1,Gastroenterology,4,146,No,260,131
Phase 1,Neurology,4,154,No,74,201
Phase 3,Gastroenterology,4,187,Yes,149,112
Phase 1,Oncology,2,152,No,104,72
Phase 4,Cardiology,3,235,Yes,134,281
Phase 3,Gastroenterology,4,161,Yes,216,245
Phase 1,Neurology,2,213,No,164,81
Phase 3,Cardiology,4,145,No,63,283
Phase 2,Neurology,4,278,No,193,206
Phase 1,Gastroenterology,3,299,No,217,135
Phase 4,Oncology,1,113,Yes,217,69
Phase 1,Cardiology,3,165,No,143,74
Phase 2,Cardiology,2,180,No,125,62
Phase 2,Neurology,2,94,Yes,162,218
Phase 2,Oncology,1,69,Yes,73,143
Phase 2,Cardiology,3,87,Yes,148,161
Phase 2,Gastroenterology,2,119,No,206,219
Phase 4,Gastroenterology,1,146,Yes,180,283
Phase 1,Gastroenterology,3,143,No,192,112
Phase 1,Oncology,4,154,No,144,195
Phase 4,Cardiology,2,98,Yes,232,177
Phase 3,Neurology,3,138,No,269,289
Phase 1,Cardiology,2,85,Yes,197,65
Phase 2,Cardiology,2,165,No,170,166
Phase 2,Oncology,2,95,No,240,195
Phase 4,Cardiology,3,68,No,136,223
Phase 1,Cardiology,2,134,No,179,292
Phase 2,Cardiology,3,268,Yes,299,77
Phase 1,Neurology,1,57,Yes,102,233
Phase 3,Neurology,3,249,No,204,230
Phase 2,Cardiology,2,64,Yes,208,208
Phase 3,Cardiology,2,62,No,217,123
Phase 3,Gastroenterology,4,81,No,55,135
Phase 1,Cardiology,2,286,No,120,295
Phase 3,Neurology,4,57,No,254,284
Phase 2,Gastroenterology,3,111,No,61,99
Phase 2,Oncology,1,76,No,100,222
Phase 1,Gastroenterology,1,183,Yes,204,242
Phase 2,Cardiology,3,189,No,118,300
Phase 2,Cardiology,4,191,No,52,95
Phase 4,Cardiology,4,256,Yes,137,210
Phase 3,Neurology,2,237,No,299,142
Phase 2,Oncology,2,161,Yes,115,255
Phase 4,Neurology,2,257,Yes,295,215
Phase 3,Cardiology,2,196,Yes,207,233
Phase 1,Neurology,1,223,Yes,51,102
Phase 3,Gastroenterology,3,109,No,58,280
Phase 2,Cardiology,2,236,Yes,150,168
Phase 2,Cardiology,4,61,Yes,227,97
Phase 3,Oncology,3,204,No,200,82
Phase 1,Gastroenterology,1,180,No,60,176
Phase 4,Neurology,1,88,No,56,233
Phase 3,Oncology,1,152,Yes,217,202
Phase 2,Gastroenterology,1,70,Yes,56,210
Phase 1,Oncology,3,281,No,282,131
Phase 1,Oncology,2,54,Yes,254,272
Phase 3,Cardiology,1,222,No,127,88
Phase 2,Neurology,3,293,Yes,56,276
Phase 1,Gastroenterology,1,175,No,84,293
Phase 4,Neurology,1,88,No,113,182
Phase 3,Cardiology,1,178,No,270,111
Phase 2,Oncology,2,285,No,258,151
Phase 4,Gastroenterology,1,125,Yes,92,168
Phase 4,Oncology,3,279,Yes,207,272
Phase 4,Neurology,3,94,Yes,100,235
Phase 2,Neurology,2,59,No,216,96
Phase 3,Cardiology,4,286,Yes,190,145
Phase 3,Oncology,2,260,Yes,109,121
Phase 3,Oncology,4,86,Yes,77,162
Phase 3,Gastroenterology,3,166,No,226,148
Phase 2,Oncology,4,293,No,291,248
Phase 2,Gastroenterology,1,56,Yes,154,272
Phase 1,Oncology,2,285,No,64,116
Phase 1,Oncology,3,114,No,168,243
Phase 2,Gastroenterology,3,150,No,181,148
Phase 3,Cardiology,2,203,No,152,199
Phase 1,Neurology,3,261,Yes,254,246
Phase 1,Neurology,3,74,No,221,166
Phase 2,Gastroenterology,1,248,No,233,290
Phase 1,Cardiology,2,152,No,163,276
Phase 1,Gastroenterology,1,88,No,229,91
Phase 4,Neurology,2,269,Yes,82,98
Phase 2,Gastroenterology,1,203,No,170,271
Phase 4,Gastroenterology,3,148,No,50,209
Phase 2,Neurology,3,297,No,70,156
Phase 2,Gastroenterology,4,95,Yes,282,75
Phase 2,Oncology,2,98,Yes,90,204
Phase 1,Gastroenterology,3,285,Yes,58,231
Phase 2,Cardiology,3,63,No,260,250
Phase 1,Oncology,4,209,Yes,244,220
Phase 1,Cardiology,2,168,Yes,261,175
Phase 1,Neurology,2,164,Yes,54,272
Phase 4,Oncology,2,65,No,247,230
Phase 3,Neurology,1,214,No,87,99
Phase 1,Gastroenterology,1,204,No,209,89
Phase 4,Neurology,2,255,No,58,244
Phase 3,Gastroenterology,4,105,No,262,191
Phase 3,Neurology,4,126,Yes,257,213
Phase 3,Neurology,3,87,Yes,122,181
Phase 1,Neurology,4,263,No,150,283
Phase 4,Cardiology,3,90,Yes,242,225
Phase 3,Cardiology,2,200,Yes,192,211
Phase 1,Neurology,1,275,No,202,229
Phase 1,Cardiology,1,155,No,288,296
Phase 4,Cardiology,2,229,Yes,274,147
Phase 2,Cardiology,4,75,Yes,164,61
Phase 3,Cardiology,1,281,No,96,214
Phase 2,Oncology,2,156,No,68,285
Phase 4,Neurology,4,286,Yes,267,274
Phase 3,Neurology,1,124,No,219,162
Phase 1,Oncology,4,231,Yes,101,283
Phase 1,Oncology,4,55,No,216,147
Phase 2,Oncology,3,92,No,279,294
Phase 1,Cardiology,2,216,No,89,140
Phase 4,Gastroenterology,4,239,No,203,264
Phase 2,Neurology,4,87,Yes,84,234
Phase 2,Cardiology,4,258,No,250,66
Phase 4,Neurology,4,275,Yes,125,111
Phase 1,Cardiology,1,188,No,99,96
Phase 2,Neurology,3,226,No,185,258
Phase 1,Oncology,4,291,No,121,147
Phase 4,Gastroenterology,3,51,No,186,295
Phase 3,Cardiology,1,230,Yes,216,258
Phase 3,Gastroenterology,3,51,No,138,184
Phase 1,Gastroenterology,3,284,Yes,197,241
Phase 2,Oncology,3,79,No,267,133
Phase 1,Cardiology,2,231,No,105,205
Phase 3,Neurology,3,273,No,120,228
Phase 3,Cardiology,1,173,No,113,240
Phase 3,Cardiology,4,211,No,93,234
Phase 2,Gastroenterology,2,298,No,129,194
Phase 4,Gastroenterology,3,92,No,106,264
Phase 1,Gastroenterology,4,156,Yes,60,264
Phase 2,Oncology,3,188,No,221,64
Phase 2,Gastroenterology,4,259,Yes,232,241
Phase 1,Gastroenterology,2,213,No,113,220
Phase 4,Gastroenterology,1,222,No,108,275
Phase 3,Gastroenterology,2,198,No,205,96
Phase 1,Cardiology,2,189,Yes,281,217
Phase 3,Gastroenterology,1,197,Yes,163,195
Phase 4,Neurology,3,86,No,184,110
Phase 3,Neurology,2,251,Yes,174,116
Phase 2,Cardiology,3,191,No,102,137
Phase 3,Oncology,2,209,Yes,61,249
Phase 1,Neurology,3,247,Yes,196,160
Phase 3,Oncology,3,293,Yes,113,101
Phase 2,Neurology,2,194,No,61,189
Phase 2,Gastroenterology,2,204,Yes,276,89
Phase 1,Gastroenterology,4,252,Yes,144,104
Phase 4,Oncology,1,137,Yes,56,296
Phase 3,Gastroenterology,2,172,Yes,156,179
Phase 1,Oncology,4,206,No,211,275
Phase 4,Gastroenterology,4,65,Yes,257,282
Phase 1,Neurology,4,245,No,293,262
Phase 1,Cardiology,4,277,Yes,284,286
Phase 2,Oncology,3,145,Yes,94,204
Phase 2,Gastroenterology,2,169,Yes,90,272
Phase 1,Oncology,2,94,Yes,191,80
Phase 4,Gastroenterology,4,155,Yes,246,82
Phase 3,Neurology,1,71,No,135,90
Phase 4,Neurology,3,92,Yes,87,212
Phase 2,Cardiology,4,172,No,217,104
Phase 1,Neurology,2,288,Yes,103,219
Phase 1,Cardiology,1,294,Yes,279,79
Phase 1,Cardiology,4,69,Yes,218,129
Phase 2,Neurology,1,268,Yes,65,247
Phase 2,Gastroenterology,1,208,Yes,127,166
Phase 2,Oncology,2,286,No,160,229
Phase 1,Cardiology,4,291,No,84,284
Phase 3,Neurology,1,245,Yes,97,266
Phase 3,Cardiology,4,123,Yes,88,269
Phase 1,Gastroenterology,3,169,No,265,203
Phase 2,Oncology,4,92,Yes,137,295
Phase 2,Gastroenterology,2,277,No,87,237
Phase 3,Gastroenterology,1,269,No,208,263
Phase 2,Cardiology,3,147,Yes,190,71
Phase 3,Gastroenterology,1,149,No,159,238
Phase 1,Oncology,1,63,No,193,251
Phase 1,Cardiology,4,283,Yes,145,222
Phase 1,Gastroenterology,4,256,Yes,138,117
Phase 2,Cardiology,3,82,Yes,253,249
Phase 4,Cardiology,4,263,No,275,69
Phase 2,Neurology,3,239,No,218,94
Phase 2,Neurology,1,173,Yes,168,60
Phase 4,Cardiology,1,282,No,70,245
Phase 4,Neurology,1,206,Yes,105,286
Phase 1,Cardiology,2,243,No,220,87
Phase 4,Oncology,3,84,Yes,241,283
Phase 3,Cardiology,4,198,No,120,156
Phase 4,Cardiology,4,260,Yes,184,158
Phase 2,Gastroenterology,3,104,No,87,113
Phase 2,Gastroenterology,4,225,No,189,175
Phase 1,Gastroenterology,4,226,No,154,147
Phase 3,Gastroenterology,4,110,No,80,217
Phase 3,Cardiology,1,109,Yes,171,238
Phase 3,Neurology,2,292,Yes,94,144
Phase 1,Gastroenterology,1,52,Yes,290,65
Phase 4,Oncology,2,112,Yes,219,230
Phase 4,Gastroenterology,3,213,Yes,181,183
Phase 3,Oncology,1,103,Yes,226,186
Phase 4,Cardiology,2,70,No,60,86
Phase 4,Neurology,2,117,No,183,219
Phase 2,Neurology,3,248,No,236,136
Phase 2,Oncology,3,85,Yes,256,165
Phase 1,Cardiology,2,246,Yes,199,123
Phase 1,Cardiology,1,295,No,164,80
Phase 4,Gastroenterology,2,123,Yes,87,267
Phase 1,Neurology,2,160,No,74,234
Phase 3,Neurology,1,135,Yes,247,172
Phase 4,Gastroenterology,4,210,Yes,176,255
Phase 2,Gastroenterology,3,128,No,134,134
Phase 4,Gastroenterology,3,180,Yes,130,194
Phase 3,Cardiology,3,54,Yes,285,295
Phase 4,Gastroenterology,1,136,No,62,139
Phase 2,Gastroenterology,2,232,Yes,200,151
Phase 1,Cardiology,4,181,No,79,216
Phase 2,Neurology,3,84,No,278,248
Phase 3,Oncology,2,262,No,71,185
Phase 4,Oncology,3,275,No,180,144
Phase 1,Gastroenterology,4,77,No,158,172
Phase 2,Oncology,3,149,Yes,101,236
Phase 4,Oncology,3,296,No,186,87
Phase 2,Neurology,3,141,No,54,295
Phase 2,Cardiology,4,190,No,76,164
Phase 4,Neurology,1,167,Yes,120,189
Phase 1,Neurology,3,273,Yes,130,274
Phase 1,Cardiology,4,83,Yes,265,117
Phase 3,Neurology,4,94,No,102,280
Phase 4,Oncology,4,154,No,281,108
Phase 4,Oncology,3,52,Yes,92,298
Phase 3,Cardiology,1,63,Yes,226,239
Phase 1,Gastroenterology,3,295,No,64,77
Phase 3,Neurology,1,53,No,265,288
Phase 3,Neurology,1,281,Yes,105,249
Phase 2,Cardiology,1,52,Yes,209,229
Phase 4,Cardiology,1,135,Yes,192,237
Phase 3,Cardiology,4,132,No,300,250
Phase 2,Cardiology,2,62,Yes,210,137
Phase 4,Cardiology,3,74,Yes,53,163
Phase 1,Gastroenterology,1,69,No,294,222
Phase 1,Gastroenterology,1,91,No,282,175
Phase 4,Gastroenterology,3,203,Yes,284,195
Phase 2,Cardiology,2,62,No,171,144
Phase 2,Cardiology,1,267,Yes,246,101
Phase 2,Gastroenterology,2,259,Yes,247,158
Phase 3,Neurology,4,104,No,141,248
Phase 3,Oncology,3,113,Yes,292,174
Phase 4,Neurology,1,144,No,106,290
Phase 4,Oncology,3,100,Yes,243,199
Phase 2,Gastroenterology,1,127,No,205,206
Phase 1,Gastroenterology,2,219,No,227,292
Phase 2,Neurology,2,225,Yes,275,180
Phase 2,Oncology,2,69,No,119,201
Phase 2,Cardiology,2,135,No,219,113
Phase 2,Oncology,2,163,No,178,292
Phase 1,Oncology,2,273,No,217,214
Phase 2,Gastroenterology,3,292,Yes,227,233
Phase 4,Oncology,2,251,Yes,54,92
Phase 4,Oncology,3,143,No,79,144
Phase 3,Cardiology,3,133,No,165,217
Phase 3,Neurology,1,205,No,147,140
Phase 2,Gastroenterology,3,111,No,137,116
Phase 1,Oncology,1,129,No,282,150
Phase 3,Cardiology,4,210,No,111,87
Phase 2,Gastroenterology,1,60,No,106,70
Phase 3,Neurology,1,128,No,291,261
Phase 2,Gastroenterology,2,69,No,146,194
Phase 4,Oncology,4,231,Yes,272,217
Phase 1,Cardiology,1,116,No,93,212
Phase 3,Oncology,3,239,No,115,76
Phase 4,Neurology,4,110,Yes,297,172
Phase 4,Oncology,4,175,No,291,125
Phase 2,Cardiology,4,243,No,168,165
Phase 2,Neurology,4,135,No,264,91
Phase 3,Gastroenterology,2,225,Yes,107,297
Phase 2,Neurology,4,234,Yes,283,159
Phase 3,Oncology,4,288,No,199,235
Phase 4,Oncology,3,157,No,92,227
Phase 2,Oncology,4,213,No,268,221
Phase 4,Cardiology,4,203,Yes,263,166
Phase 3,Neurology,2,59,No,52,265
Phase 1,Neurology,4,289,Yes,212,144
Phase 3,Gastroenterology,1,113,No,120,273
Phase 3,Oncology,4,166,No,240,160
Phase 4,Neurology,4,68,No,292,280
Phase 4,Oncology,4,116,Yes,76,84
Phase 1,Oncology,1,200,Yes,203,286
Phase 3,Neurology,1,194,No,166,269
Phase 1,Cardiology,1,85,Yes,207,293
Phase 3,Gastroenterology,1,181,Yes,233,230
Phase 1,Cardiology,3,159,Yes,174,199
Phase 2,Neurology,2,165,No,101,98
Phase 3,Gastroenterology,2,242,Yes,85,70
Phase 4,Cardiology,3,207,Yes,253,174
Phase 4,Gastroenterology,1,149,Yes,183,127
Phase 3,Gastroenterology,2,155,Yes,155,61
Phase 2,Gastroenterology,4,174,Yes,102,79
Phase 1,Neurology,1,193,Yes,137,161
Phase 2,Gastroenterology,4,161,No,224,272
Phase 1,Neurology,2,110,Yes,257,123
Phase 4,Cardiology,4,167,No,183,142
Phase 1,Cardiology,2,95,No,232,283
Phase 3,Neurology,2,180,Yes,230,61
Phase 3,Gastroenterology,4,126,Yes,58,150
Phase 3,Cardiology,2,222,Yes,99,271
Phase 4,Gastroenterology,3,245,No,104,224
Phase 2,Oncology,1,54,No,136,285
Phase 3,Oncology,2,197,No,222,182
Phase 4,Gastroenterology,1,126,Yes,273,83
Phase 3,Oncology,3,60,Yes,79,291
Phase 4,Neurology,3,160,No,180,169
Phase 3,Oncology,4,264,Yes,145,68
Phase 1,Neurology,1,241,Yes,263,134
Phase 4,Oncology,1,61,No,77,251
Phase 1,Cardiology,2,110,Yes,231,174
Phase 4,Gastroenterology,2,67,No,187,263
Phase 2,Oncology,4,222,Yes,127,199
Phase 4,Oncology,1,226,No,294,64
Phase 4,Cardiology,1,220,No,220,269
Phase 2,Oncology,2,182,No,177,130
Phase 1,Neurology,1,202,Yes,237,183
Phase 3,Gastroenterology,1,153,No,143,124
Phase 2,Gastroenterology,4,257,No,74,245
Phase 3,Gastroenterology,3,198,Yes,152,208
Phase 4,Cardiology,2,150,Yes,70,148
Phase 2,Oncology,4,271,Yes,258,193
Phase 2,Cardiology,2,283,No,109,160
Phase 1,Cardiology,2,211,No,126,93
Phase 4,Oncology,1,244,Yes,94,267
Phase 1,Gastroenterology,2,139,Yes,182,287
Phase 3,Gastroenterology,4,96,Yes,217,249
Phase 4,Gastroenterology,4,244,No,92,132
Phase 2,Cardiology,3,124,No,146,277
Phase 3,Cardiology,4,178,Yes,276,237
Phase 1,Neurology,3,212,Yes,191,177
Phase 3,Oncology,4,260,Yes,129,245
Phase 2,Oncology,1,162,No,104,159
Phase 4,Neurology,1,234,Yes,262,76
Phase 1,Cardiology,2,114,Yes,232,187
Phase 3,Cardiology,2,166,Yes,59,65
Phase 1,Neurology,3,230,Yes,50,179
Phase 2,Neurology,2,236,Yes,237,282
Phase 3,Gastroenterology,4,153,Yes,124,182
Phase 3,Neurology,3,293,Yes,270,123
Phase 1,Cardiology,4,199,No,139,218
Phase 3,Neurology,1,122,Yes,100,83
Phase 3,Gastroenterology,2,109,Yes,110,286
Phase 4,Cardiology,2,176,No,221,105
Phase 3,Neurology,1,297,No,287,232
Phase 4,Neurology,4,148,Yes,281,226
Phase 1,Oncology,4,288,No,227,133
Phase 3,Neurology,1,58,No,198,122
Phase 4,Oncology,2,207,Yes,79,131
Phase 1,Gastroenterology,2,287,No,168,242
Phase 1,Cardiology,3,67,Yes,77,133
Phase 1,Cardiology,2,185,No,257,130
Phase 1,Cardiology,4,84,No,59,234
Phase 3,Cardiology,2,97,Yes,145,244
Phase 2,Gastroenterology,3,229,Yes,195,201
Phase 4,Gastroenterology,4,118,Yes,118,135
Phase 4,Gastroenterology,2,222,No,237,182
Phase 4,Neurology,3,223,Yes,106,239
Phase 1,Gastroenterology,1,271,Yes,229,289
Phase 2,Cardiology,1,126,Yes,174,209
Phase 2,Cardiology,3,247,No,285,79
Phase 1,Oncology,4,107,Yes,289,76
Phase 4,Gastroenterology,1,231,No,92,61
Phase 4,Cardiology,3,188,No,284,216
Phase 4,Gastroenterology,3,65,No,256,136
Phase 2,Gastroenterology,2,141,Yes,152,300
Phase 3,Oncology,3,67,Yes,72,225
Phase 1,Neurology,1,280,Yes,138,244
Phase 1,Cardiology,1,292,No,294,84
Phase 3,Oncology,1,292,No,53,227
Phase 2,Cardiology,2,83,Yes,65,104
Phase 4,Neurology,2,251,Yes,165,83
Phase 3,Neurology,1,291,No,127,281
Phase 3,Neurology,1,57,No,285,194
Phase 4,Cardiology,4,154,No,143,285
Phase 4,Cardiology,1,274,No,273,267
Phase 1,Cardiology,1,102,Yes,91,203
Phase 2,Gastroenterology,2,292,No,110,243
Phase 2,Gastroenterology,4,105,Yes,74,294
Phase 4,Gastroenterology,3,187,Yes,187,92
Phase 2,Oncology,2,50,No,155,193
Phase 4,Neurology,3,255,Yes,102,69
Phase 2,Gastroenterology,4,215,Yes,68,277
Phase 3,Neurology,2,90,No,184,175
Phase 3,Oncology,3,94,Yes,182,220
Phase 2,Oncology,2,240,Yes,56,246
Phase 3,Gastroenterology,1,188,No,288,239
Phase 3,Cardiology,3,60,Yes,298,293
Phase 3,Neurology,2,187,No,151,234
Phase 1,Oncology,3,63,Yes,255,203
Phase 2,Neurology,4,281,Yes,219,286
Phase 1,Gastroenterology,4,104,Yes,220,167
Phase 2,Oncology,4,153,Yes,221,186
Phase 1,Cardiology,3,114,No,158,190
Phase 2,Neurology,2,152,Yes,274,171
Phase 4,Cardiology,1,105,No,116,98
Phase 2,Neurology,3,175,No,277,250
Phase 2,Neurology,1,117,No,153,276
Phase 4,Cardiology,1,180,No,225,253
Phase 4,Oncology,1,182,No,56,164
Phase 4,Cardiology,4,178,Yes,135,134
Phase 1,Gastroenterology,3,120,Yes,268,81
Phase 1,Gastroenterology,4,146,No,220,223
Phase 4,Gastroenterology,4,69,Yes,208,81
Phase 1,Neurology,3,230,Yes,164,80
Phase 4,Gastroenterology,1,153,Yes,161,229
Phase 2,Cardiology,2,191,No,176,253
Phase 4,Neurology,4,188,Yes,130,183
Phase 1,Gastroenterology,4,240,No,298,135
Phase 1,Gastroenterology,4,68,Yes,265,293
Phase 4,Neurology,1,262,No,89,254
Phase 3,Gastroenterology,1,154,Yes,201,241
Phase 4,Cardiology,4,85,Yes,274,161
Phase 3,Oncology,3,221,No,171,206
Phase 1,Gastroenterology,3,193,No,269,214
Phase 1,Neurology,3,112,Yes,124,253
Phase 1,Gastroenterology,1,62,No,95,100
Phase 3,Neurology,1,121,No,64,163
Phase 1,Neurology,2,111,No,99,252
Phase 3,Oncology,4,272,No,50,273
Phase 3,Cardiology,1,225,Yes,219,178
Phase 1,Neurology,3,144,No,162,207
Phase 2,Neurology,2,251,Yes,238,208
Phase 4,Oncology,2,229,Yes,81,176
Phase 3,Oncology,1,217,Yes,279,239
Phase 3,Cardiology,1,164,No,141,288
Phase 2,Neurology,3,80,Yes,273,248
Phase 4,Oncology,2,80,Yes,157,77
Phase 3,Neurology,3,207,No,152,90
Phase 2,Cardiology,2,50,Yes,75,254
Phase 3,Gastroenterology,1,204,No,65,111
Phase 3,Oncology,3,155,Yes,142,240
Phase 4,Gastroenterology,1,69,No,73,183
Phase 1,Cardiology,2,218,Yes,250,208
Phase 3,Oncology,4,240,Yes,145,150
Phase 1,Cardiology,3,263,Yes,123,274
Phase 2,Neurology,4,216,No,178,159
Phase 3,Cardiology,1,95,No,68,249
Phase 1,Cardiology,3,275,Yes,177,79
Phase 4,Gastroenterology,2,277,No,58,133
Phase 1,Oncology,2,58,No,237,149
Phase 2,Neurology,2,72,Yes,60,87
Phase 3,Neurology,2,63,Yes,150,117
Phase 1,Oncology,1,296,No,109,216
Phase 1,Cardiology,1,273,No,272,157
Phase 4,Neurology,2,244,Yes,122,167
Phase 3,Cardiology,4,239,Yes,80,62
Phase 1,Cardiology,4,285,Yes,226,100
Phase 3,Oncology,1,104,No,52,134
Phase 1,Neurology,4,106,Yes,163,255
Phase 2,Neurology,2,170,No,289,245
Phase 1,Neurology,4,259,No,191,218
Phase 4,Neurology,2,124,No,146,98
Phase 4,Gastroenterology,1,274,No,196,204
Phase 3,Cardiology,3,133,Yes,271,236
Phase 4,Oncology,4,174,Yes,151,64
Phase 1,Cardiology,3,291,No,89,104
Phase 3,Neurology,2,192,Yes,162,197
Phase 2,Cardiology,2,236,No,204,177
Phase 1,Cardiology,4,99,No,98,190
Phase 3,Gastroenterology,3,246,No,151,210
Phase 1,Cardiology,1,149,No,245,81
Phase 1,Neurology,1,232,Yes,204,234
Phase 3,Gastroenterology,2,125,No,228,275
Phase 3,Gastroenterology,1,100,Yes,173,206
Phase 1,Cardiology,3,165,No,188,194
Phase 4,Cardiology,3,245,Yes,228,61
Phase 4,Gastroenterology,1,106,No,164,249
Phase 3,Oncology,1,194,Yes,150,82
Phase 2,Neurology,1,230,Yes,247,182
Phase 2,Cardiology,2,128,No,261,235
Phase 3,Cardiology,1,139,No,132,210
Phase 1,Neurology,3,237,No,140,112
Phase 3,Oncology,4,107,Yes,156,213
Phase 2,Cardiology,4,141,No,114,297
Phase 1,Cardiology,2,72,No,66,249
Phase 4,Oncology,2,91,No,61,127
Phase 2,Cardiology,2,130,Yes,187,219
Phase 2,Gastroenterology,4,299,No,63,166
Phase 3,Gastroenterology,1,214,No,68,278
Phase 4,Oncology,2,237,No,51,109
Phase 1,Oncology,4,170,Yes,82,193
Phase 4,Gastroenterology,3,271,No,212,292
Phase 2,Gastroenterology,3,164,Yes,76,162
Phase 3,Gastroenterology,3,123,Yes,157,244
Phase 4,Gastroenterology,1,61,Yes,50,86
Phase 4,Cardiology,2,205,No,132,197
Phase 2,Oncology,4,234,Yes,293,217
Phase 4,Neurology,2,85,No,229,187
Phase 4,Oncology,3,107,Yes,243,125
Phase 4,Oncology,1,290,Yes,76,226
Phase 4,Gastroenterology,2,125,Yes,205,176
Phase 1,Gastroenterology,4,220,No,64,206
Phase 2,Oncology,4,50,Yes,280,194
Phase 3,Neurology,2,62,No,227,117
Phase 2,Neurology,4,86,No,235,250
Phase 1,Oncology,3,252,No,110,178
Phase 4,Cardiology,3,157,No,237,163
Phase 2,Neurology,2,194,No,50,282
Phase 4,Cardiology,2,147,No,158,152
Phase 1,Gastroenterology,1,146,No,120,69
Phase 4,Oncology,1,243,No,249,135
Phase 1,Gastroenterology,4,117,Yes,285,246
Phase 4,Oncology,4,255,No,53,73
Phase 1,Gastroenterology,4,158,No,284,272
Phase 2,Gastroenterology,3,122,Yes,126,155
Phase 1,Oncology,1,196,No,193,117
Phase 2,Gastroenterology,2,77,No,129,166
Phase 2,Neurology,1,170,No,191,241
Phase 2,Neurology,1,92,No,291,242
Phase 2,Neurology,4,75,Yes,160,168
Phase 3,Cardiology,1,131,Yes,130,109
Phase 1,Cardiology,2,255,No,96,168
Phase 3,Neurology,2,126,Yes,193,186
Phase 1,Oncology,1,172,No,135,114
Phase 1,Gastroenterology,2,295,No,120,259
Phase 1,Cardiology,3,182,No,266,274
Phase 4,Neurology,1,224,Yes,258,179
Phase 3,Gastroenterology,2,156,No,135,205
Phase 4,Gastroenterology,1,155,No,105,253
Phase 2,Oncology,4,284,Yes,148,215
Phase 3,Gastroenterology,4,127,Yes,111,127
Phase 2,Oncology,1,284,Yes,276,202
Phase 2,Neurology,2,64,No,281,276
Phase 3,Oncology,2,89,No,204,206
Phase 2,Cardiology,1,100,No,213,110
Phase 4,Oncology,4,194,Yes,177,198
Phase 3,Cardiology,1,73,No,76,84
Phase 1,Cardiology,2,149,Yes,97,299
Phase 1,Gastroenterology,2,123,No,116,296
Phase 4,Oncology,1,168,No,235,139
Phase 4,Gastroenterology,1,284,No,236,242
Phase 4,Cardiology,4,144,Yes,196,83
Phase 2,Cardiology,3,134,Yes,103,203
Phase 1,Gastroenterology,2,79,No,68,79
Phase 3,Oncology,1,262,No,230,184
Phase 2,Gastroenterology,1,281,No,113,200
Phase 4,Neurology,4,137,Yes,206,201
Phase 2,Gastroenterology,3,230,No,151,180
Phase 2,Gastroenterology,2,69,Yes,260,127
Phase 3,Oncology,4,102,No,177,268
Phase 3,Neurology,1,277,No,295,94
Phase 1,Cardiology,1,85,Yes,124,222
Phase 4,Gastroenterology,1,174,Yes,178,190
Phase 2,Cardiology,4,151,Yes,185,179
Phase 2,Gastroenterology,4,165,Yes,129,92
Phase 2,Gastroenterology,4,256,No,70,130
Phase 4,Gastroenterology,1,206,No,232,109
Phase 3,Cardiology,3,216,No,219,257
Phase 1,Gastroenterology,1,251,Yes,112,249
Phase 2,Gastroenterology,1,192,Yes,212,254
Phase 1,Neurology,2,205,Yes,150,143
Phase 1,Gastroenterology,4,105,Yes,153,269
Phase 2,Gastroenterology,3,137,Yes,217,131
Phase 3,Cardiology,1,281,No,118,205
Phase 1,Gastroenterology,1,97,Yes,53,117
Phase 1,Oncology,4,164,No,268,81
Phase 1,Neurology,4,145,No,61,210
Phase 2,Cardiology,4,73,Yes,143,297
Phase 2,Cardiology,2,50,Yes,79,227
Phase 4,Neurology,3,128,Yes,247,67
Phase 1,Oncology,4,262,Yes,89,220
Phase 3,Gastroenterology,1,290,Yes,286,279
Phase 3,Oncology,2,63,No,274,182
Phase 4,Gastroenterology,3,166,Yes,146,90
Phase 2,Cardiology,3,194,Yes,270,210
Phase 2,Gastroenterology,3,193,No,252,67
Phase 2,Neurology,1,243,Yes,271,209
Phase 1,Oncology,3,97,Yes,260,102
Phase 3,Oncology,2,196,No,198,220
Phase 2,Cardiology,1,293,Yes,247,199
Phase 1,Cardiology,2,152,No,221,204
Phase 1,Gastroenterology,3,113,No,271,117
Phase 1,Cardiology,4,196,No,60,99
Phase 4,Oncology,3,146,Yes,192,269
Phase 2,Oncology,2,102,No,294,78
Phase 1,Gastroenterology,2,258,Yes,95,247
Phase 3,Cardiology,4,250,No,144,265
Phase 4,Oncology,1,278,Yes,254,221
Phase 4,Gastroenterology,1,161,Yes,295,108
Phase 4,Cardiology,3,191,No,274,221
Phase 1,Neurology,2,70,Yes,266,96
Phase 3,Oncology,3,54,No,191,262
Phase 3,Cardiology,1,199,No,239,257
Phase 2,Oncology,4,243,Yes,71,244
Phase 3,Gastroenterology,2,60,Yes,53,190
Phase 1,Gastroenterology,3,184,No,204,188
Phase 1,Oncology,2,190,No,216,207
Phase 1,Gastroenterology,3,129,Yes,194,81
Phase 1,Oncology,4,126,Yes,299,66
Phase 4,Neurology,3,272,No,240,247
Phase 4,Oncology,2,232,No,266,98
Phase 4,Gastroenterology,1,58,Yes,116,295
Phase 3,Neurology,2,60,Yes,151,275
Phase 2,Gastroenterology,3,276,Yes,290,143
Phase 1,Cardiology,1,160,Yes,201,253
Phase 2,Cardiology,3,149,No,257,233
Phase 2,Oncology,1,123,No,181,125
Phase 1,Gastroenterology,2,54,No,53,61
Phase 4,Cardiology,3,214,Yes,158,67
Phase 3,Cardiology,1,272,Yes,105,60
Phase 3,Neurology,3,237,Yes,82,112
Phase 2,Neurology,4,109,Yes,123,299
Phase 2,Cardiology,4,279,No,62,291
Phase 2,Gastroenterology,4,119,Yes,125,117
Phase 3,Oncology,3,63,Yes,63,249
Phase 1,Oncology,1,98,No,184,174
Phase 3,Neurology,2,110,No,55,112
Phase 2,Cardiology,4,259,Yes,73,265
Phase 1,Oncology,2,237,No,59,165
Phase 1,Neurology,2,120,Yes,74,218
Phase 2,Cardiology,4,97,Yes,181,185
Phase 3,Oncology,3,119,Yes,286,187
Phase 2,Cardiology,1,224,Yes,237,189
Phase 3,Neurology,2,165,Yes,234,131
Phase 3,Oncology,1,149,Yes,60,229
Phase 1,Neurology,2,273,No,57,153
Phase 2,Neurology,4,217,Yes,231,230
Phase 1,Neurology,1,147,No,277,99
Phase 2,Neurology,1,300,Yes,282,269
Phase 1,Oncology,1,114,Yes,67,209
Phase 1,Gastroenterology,4,288,No,282,285
Phase 1,Oncology,3,154,No,124,165
Phase 1,Neurology,1,254,Yes,119,241
Phase 3,Neurology,2,52,Yes,129,281
Phase 3,Neurology,3,298,No,66,85
Phase 2,Oncology,4,199,No,106,293
Phase 2,Cardiology,3,75,No,173,294
Phase 4,Oncology,3,258,Yes,151,216
Phase 3,Gastroenterology,4,262,No,260,239
Phase 4,Gastroenterology,2,141,Yes,207,75
Phase 3,Gastroenterology,1,268,No,220,186
Phase 4,Cardiology,4,218,No,89,110
Phase 1,Neurology,3,114,Yes,58,127
Phase 2,Cardiology,3,233,No,216,189
Phase 3,Gastroenterology,3,291,No,240,213
Phase 4,Cardiology,1,284,No,177,290
Phase 3,Cardiology,3,282,Yes,187,295
Phase 2,Gastroenterology,2,199,No,222,134
Phase 3,Neurology,3,137,No,168,241
Phase 3,Cardiology,1,215,Yes,244,123
Phase 1,Oncology,2,226,No,191,196
Phase 2,Oncology,2,216,No,106,221
Phase 2,Oncology,1,110,No,118,143
Phase 3,Oncology,4,92,No,244,251
Phase 4,Cardiology,1,234,No,85,98
Phase 1,Gastroenterology,3,226,Yes,289,79
Phase 4,Gastroenterology,3,292,Yes,193,291
Phase 4,Gastroenterology,2,238,Yes,213,171
Phase 2,Oncology,2,96,No,135,298
Phase 4,Gastroenterology,4,65,No,268,111
Phase 1,Neurology,4,97,No,148,123
Phase 1,Oncology,3,133,No,253,148
Phase 4,Gastroenterology,2,93,Yes,97,276
Phase 1,Cardiology,1,282,Yes,233,109
Phase 4,Cardiology,3,238,No,98,159
Phase 4,Cardiology,2,98,No,122,144
Phase 1,Neurology,2,70,No,288,135
Phase 4,Gastroenterology,2,153,No,206,194
Phase 3,Gastroenterology,4,210,No,225,278
Phase 4,Neurology,1,256,Yes,287,117
Phase 4,Gastroenterology,4,242,No,261,126
Phase 2,Gastroenterology,4,262,No,102,146
Phase 2,Cardiology,2,192,No,97,65
Phase 1,Cardiology,4,119,No,205,263
Phase 3,Oncology,4,235,No,140,197
Phase 1,Cardiology,2,73,No,103,212
Phase 1,Gastroenterology,1,124,No,298,87
Phase 2,Cardiology,1,150,No,142,181
Phase 1,Neurology,4,287,No,161,154
Phase 2,Oncology,3,236,No,77,274
Phase 2,Oncology,1,254,Yes,121,72
Phase 1,Cardiology,4,62,Yes,272,216
Phase 2,Neurology,2,199,Yes,216,184
Phase 1,Neurology,3,159,Yes,209,292
Phase 2,Cardiology,4,87,Yes,175,126
Phase 4,Oncology,1,165,No,236,171
Phase 1,Cardiology,1,239,Yes,300,119
Phase 3,Neurology,2,98,Yes,228,249
Phase 2,Gastroenterology,2,245,Yes,145,291
Phase 4,Gastroenterology,2,187,No,57,178
Phase 1,Cardiology,4,153,No,172,213
Phase 4,Cardiology,3,59,No,274,179
Phase 3,Neurology,3,267,Yes,165,238
Phase 1,Cardiology,3,116,No,252,274
Phase 2,Neurology,3,109,No,269,265
Phase 4,Cardiology,4,136,No,83,131
Phase 3,Oncology,3,204,Yes,81,142
Phase 1,Oncology,1,272,Yes,84,186
Phase 2,Neurology,2,208,No,88,240
Phase 4,Cardiology,3,125,Yes,126,217
Phase 3,Oncology,2,271,No,147,148
Phase 3,Cardiology,4,125,No,59,133
Phase 4,Cardiology,2,189,Yes,227,191
Phase 3,Oncology,1,243,No,108,102
Phase 3,Gastroenterology,1,234,Yes,215,157
Phase 2,Gastroenterology,4,288,No,203,144
Phase 2,Gastroenterology,4,171,No,175,75
Phase 3,Gastroenterology,2,109,Yes,217,115
Phase 1,Oncology,4,176,No,69,182
Phase 2,Gastroenterology,3,263,Yes,187,180
Phase 2,Oncology,1,292,No,183,217
Phase 1,Neurology,3,219,Yes,186,257
Phase 1,Neurology,3,143,No,263,72
Phase 4,Cardiology,1,165,Yes,102,218
Phase 2,Neurology,4,210,Yes,54,120
Phase 3,Oncology,4,252,Yes,206,184
Phase 4,Gastroenterology,1,160,Yes,209,290
Phase 1,Neurology,4,201,Yes,173,265
Phase 1,Cardiology,2,297,Yes,149,154
Phase 1,Oncology,2,127,No,152,96
Phase 3,Oncology,3,238,Yes,148,169
Phase 1,Oncology,2,296,No,186,202
Phase 4,Cardiology,3,206,Yes,253,286
Phase 3,Neurology,4,112,No,138,275
Phase 3,Oncology,2,204,No,87,219
Phase 4,Neurology,1,133,Yes,117,205
Phase 2,Oncology,1,269,Yes,252,81
Phase 1,Neurology,2,183,Yes,210,95
Phase 2,Neurology,2,289,No,133,269
Phase 4,Neurology,4,135,No,86,183
Phase 1,Gastroenterology,2,152,No,134,291
Phase 3,Cardiology,3,157,Yes,271,118
Phase 2,Gastroenterology,1,156,No,116,141
Phase 1,Neurology,3,249,Yes,199,247
Phase 4,Gastroenterology,4,132,Yes,136,133
Phase 1,Oncology,2,57,Yes,51,109
Phase 3,Neurology,2,226,Yes,209,93
Phase 1,Oncology,4,162,No,98,74
Phase 4,Cardiology,4,103,No,88,287
Phase 3,Neurology,3,168,Yes,117,175
Phase 3,Oncology,1,76,Yes,143,278
Phase 4,Oncology,1,50,No,238,212
Phase 1,Gastroenterology,1,173,No,132,91
Phase 1,Cardiology,1,122,Yes,147,134
Phase 3,Oncology,1,294,No,70,66
Phase 2,Neurology,2,216,No,200,276
Phase 2,Oncology,2,261,Yes,220,91
Phase 4,Neurology,2,146,No,148,283
Phase 3,Neurology,4,173,No,171,246
Phase 1,Oncology,1,273,No,298,186
Phase 4,Neurology,4,226,No,117,127
Phase 1,Gastroenterology,3,101,Yes,113,72
Phase 1,Gastroenterology,2,197,No,54,290
Phase 2,Cardiology,1,277,No,226,92
Phase 3,Neurology,3,254,No,259,179
Phase 1,Cardiology,3,296,Yes,133,154
Phase 1,Oncology,1,59,Yes,178,177
Phase 2,Gastroenterology,4,115,No,295,287
Phase 4,Neurology,3,212,Yes,53,213
Phase 1,Oncology,3,62,Yes,100,192
Phase 2,Cardiology,4,212,Yes,290,162
Phase 3,Neurology,1,273,No,246,176
Phase 2,Gastroenterology,1,257,Yes,273,118
Phase 3,Cardiology,2,200,No,91,133
Phase 2,Oncology,1,71,Yes,269,289
Phase 4,Cardiology,1,92,No,88,137
Phase 4,Cardiology,4,229,No,208,96
Phase 2,Cardiology,4,213,Yes,82,258
Phase 3,Cardiology,4,114,No,53,98
Phase 3,Oncology,4,206,Yes,125,188
Phase 1,Oncology,3,137,No,234,232
Phase 3,Oncology,4,286,Yes,66,177
Phase 4,Cardiology,3,150,Yes,219,101
Phase 2,Oncology,2,299,Yes,116,79
Phase 3,Oncology,1,194,No,66,298
Phase 1,Cardiology,3,81,Yes,280,168
Phase 3,Oncology,2,225,No,187,288
Phase 4,Oncology,2,156,No,252,292
Phase 1,Oncology,2,89,No,262,233
Phase 2,Cardiology,4,50,No,141,165
Phase 2,Neurology,3,171,Yes,105,150
Phase 3,Oncology,3,57,No,172,75
Phase 4,Cardiology,3,170,No,185,176
Phase 2,Oncology,3,300,No,154,75
Phase 2,Oncology,3,249,No,202,211
Phase 1,Oncology,1,138,No,88,214
Phase 1,Cardiology,4,104,Yes,267,159
Phase 2,Oncology,4,272,No,87,272
Phase 2,Gastroenterology,2,232,No,259,67
Phase 2,Cardiology,1,275,No,285,271
Phase 1,Oncology,2,247,No,137,300
Phase 4,Neurology,1,192,No,133,155
Phase 1,Gastroenterology,2,288,No,225,189
Phase 3,Oncology,4,286,Yes,59,145
Phase 2,Gastroenterology,2,230,No,235,240
Phase 2,Oncology,3,239,Yes,223,178
Phase 3,Oncology,2,190,No,167,271
Phase 4,Cardiology,1,285,No,74,185
Phase 3,Neurology,3,173,No,223,278
Phase 4,Neurology,1,99,Yes,189,247
Phase 4,Neurology,2,216,Yes,73,282
Phase 2,Neurology,2,89,Yes,180,259
Phase 4,Oncology,2,148,No,52,126
Phase 3,Gastroenterology,3,284,Yes,222,70
Phase 1,Oncology,3,170,No,66,128
Phase 1,Neurology,4,139,Yes,204,128
Phase 1,Oncology,1,156,Yes,95,60
Phase 3,Gastroenterology,3,69,No,188,123
Phase 4,Gastroenterology,4,181,Yes,176,210
Phase 4,Oncology,4,236,No,188,124
Phase 3,Neurology,1,63,No,202,174
Phase 3,Oncology,1,136,No,107,85
Phase 2,Neurology,3,158,No,283,101
Phase 1,Gastroenterology,4,195,Yes,265,119
Phase 1,Cardiology,2,227,No,137,70
Phase 1,Neurology,4,296,Yes,168,224
Phase 2,Neurology,1,160,Yes,148,279
Phase 1,Neurology,1,247,Yes,250,76
Phase 3,Cardiology,3,247,Yes,75,268
Phase 1,Oncology,1,120,Yes,77,70
Phase 2,Oncology,1,212,Yes,272,210
Phase 2,Cardiology,2,142,Yes,268,136
Phase 4,Neurology,2,255,No,113,219
Phase 1,Oncology,4,189,Yes,196,64
Phase 2,Gastroenterology,3,298,No,112,153
Phase 4,Oncology,1,121,No,249,189
Phase 1,Gastroenterology,2,222,No,161,63
Phase 3,Gastroenterology,4,52,No,286,224
Phase 2,Cardiology,4,154,Yes,245,229
Phase 1,Gastroenterology,2,266,Yes,88,98
Phase 2,Neurology,2,67,No,128,233
Phase 4,Neurology,3,101,Yes,225,119
Phase 2,Gastroenterology,2,260,No,135,240
Phase 3,Gastroenterology,2,157,No,240,160
Phase 1,Cardiology,3,103,No,277,170
Phase 2,Gastroenterology,2,97,Yes,290,105
Phase 3,Gastroenterology,4,286,No,93,73
Phase 3,Oncology,2,103,No,273,154
Phase 3,Oncology,4,54,No,186,228
Phase 3,Gastroenterology,2,64,No,124,216
Phase 2,Gastroenterology,3,214,Yes,208,70
Phase 2,Gastroenterology,3,80,No,180,206
Phase 1,Neurology,3,239,No,157,83
Phase 4,Oncology,3,195,No,166,120
Phase 2,Gastroenterology,3,156,Yes,241,160
Phase 4,Gastroenterology,2,74,No,147,254
Phase 3,Neurology,1,257,No,265,98
Phase 4,Oncology,4,175,No,291,154
Phase 1,Gastroenterology,3,156,Yes,253,84
Phase 4,Neurology,2,246,Yes,233,130
Phase 4,Neurology,1,108,No,198,76
